name,price,status,shipping,free_returns,items_sold
VTG Express Tricot 90s Ribbed Knit Tunic Sweater Women SZ Large GrannyCore Mauve,1999,Pre-Owned,703,False,0
Blue Knit Pullover Sweater Geometric Pattern Crew Neck Long Sleeve Size S,1000,Pre-Owned,872,False,0
Vince Camuto Knit Gray Cowl Neck Pullover Sweater Women’s Long Sleeve Size L,2000,Pre-Owned,872,False,0
Blue Knit Pullover Sweater Women's Size S Crew Neck Long Sleeve Solid,800,Pre-Owned,872,False,0
Marled Knit Pullover Sweater Cowl Neck Side Vent Slits Beige Women's M,1000,Pre-Owned,872,False,0
Black Knit Pullover Crew Neck Long Sleeve Sweater Women's Size S,1000,Pre-Owned,872,False,0
Entro Brown Floral Embroidered Knit Pullover Sweater Mock Neck Sleeveless L,2000,Pre-Owned,872,False,0
Women's V-Neck Cropped Knit Cardigan Hollow Out Long Sleeve Button Down Sweater,2599,Brand New,0,False,0
"2 Mens  Pringle Crewneck L,XL Stone and Blue Striped  Sweaters 2pack for $28 NWT",3000,,,False,0
Polo Ralph Lauren Women’s Cotton Cable Knit Crew Neck Sweater White Size S NWT,8900,,,False,0
Polo Ralph Lauren Women’s Cotton Cable Knit Crew Neck Sweater White Size XS NWT,8400,,,False,0
Harry Potter Men's Hogwarts Houses Design Ugly Holiday Knit Sweater,3999,,,False,0
Weatherproof Vintage Men's Flannel lined 1/4 zip Sweater,2499,,,False,0
"Weatherproof Vintage Men's Fair Isle 1/4 Zip Pullover Sweater, Blue, VARIATION",2499,,,False,0
Stranger Things Ugly Sweater Men's The Upside Down Holiday Knit Pullover,4999,,,False,0
Gap Men's Lightweight Pullover Regular Fit Crewneck Sweater,1699,,,False,0
Cream Knit Sweater Women’s Chunky Cable Knit Ripped Grunge Oversized Pullover,2500,Pre-Owned,926,False,0
Sweet Romeo Acrylic Burgundy Pullover Sweater Crew Neck S Long Sleeve SR9617,500,Pre-Owned,608,False,0
Natural Reflections Blue Waffle-Knit Pullover Sweater Crew Neck Side Slit S,1200,Pre-Owned,872,False,0
Striped Ribbed Knit Mock Neck Pullover Sweater White Black Women's Long Sleeve,915,New (Other),846,False,0
Aerie Knit Pullover Sweater Crew Neck Tan Women's XS Raglan Sleeve,810,Pre-Owned,872,False,0
bape sweater,10000,Pre-Owned,0,False,0
BCBG Knit Sweater Dress with Embellished Feather Broach,2099,BCBGMAXAZRIA,1296,False,0
"2 Mens  Pringle Crewneck L,XL Stone and Blue Striped  Sweaters 2pack for $28 NWT",3000,Brand New,0,False,0
Time and Tru Cable-Knit Pullover Sweater Black Crew Neck Women’s Size S,1200,Pre-Owned,872,False,0
Ralph Lauren Cable-Knit Crew Neck Purple Cotton Sweater Women’s Size S,2500,Pre-Owned,1000,False,0
Tahari Women's Beige Knit Pullover Sweater Short Sleeve Rayon Polyester Size L,2397,New (Other),608,False,0
White Cream Wooden Button Cardigan Woman’s Sz Small,1200,Pre-Owned,577,False,0
Astrologie XXL Women's Gray Intarsia Knit Pullover Sweater Dog Motif Rayon Blend,3500,Brand New,865,False,0
Off The Shoulders Alaska Sweater ,1500,Pre-Owned,683,False,0
Poetry Navy Blue Ribbed Knit Cotton Pullover Sweater Women's Size 16,3000,Pre-Owned,651,False,0
Lucky Brand Ocean Deep Cable-Knit Pullover Sweater Mock Neck Sleeveless M,3000,Brand New,872,False,0
"2 Mens  Pringle Crewneck L,XL Stone and Blue Striped  Sweaters 2pack for $28 NWT",3000,,0,False,0
A New Day Women's Double Knit Zip Hoodie Sweatshirt Rust Size L,1695,,0,False,0
Weatherproof Vintage Men's Flannel lined 1/4 zip Sweater,2499,,0,False,0
Polo Ralph Lauren Women’s Cotton Cable Knit Crew Neck Sweater Gray Size XS NWT,7900,,0,False,0
Gap Men's Lightweight Pullover Regular Fit Crewneck Sweater,1699,,0,False,0
GAP Men's Long Sleeve Seed Stitch Crew Neck Ribbed Cuffs Sweater,1999,,0,False,0
Polo Ralph Lauren Women’s Pima Cotton Short Sleeve Cable Knit WHIRE XS NWT,7400,,0,False,0
"Legendary Outfitters Women's Cozy Cable Knit Sweater, Garnet, Size XXL",1795,,0,False,0
St. John's Bay Gray Knit Pullover Sweater S Long Sleeve Polyester Spandex Ribbed,2000,Pre-Owned,872,False,0
Liz Claiborne Gray Knit Pullover Sweater Boat Neck Long Sleeve XS Women,1200,Pre-Owned,872,False,0
Tahari Women's Black Knit Pullover Sweater Short Sleeve Rayon Polyester Size L,2397,New (Other),608,False,0
St. John's Bay Women's Burgundy Cable Knit Pullover Sweater V-Neck Size S,1500,Pre-Owned,872,False,0
Vintage Theodore Wool Sweater Women's M Knit Hong Kong 80’s Hidden Pockets NEW,7900,New (Other),,False,0
J.CREW Honeycomb Sweater Womens XS Camel Wool Angora Blend Cable Knit Crew Neck,2895,Pre-Owned,719,False,0
Vince Womens Cotton  Knit Striped Round Neck Pullover Sweater Top Navy Size XS,3749,Vince,695,False,0
Hot Topic Black White Evil Eye Hand Open Front Cardigan Women's S,3400,Pre-Owned,1196,False,0
Old Navy Striped Ribbed Knit Pullover Sweater Ivory Black Crew Neck XS Women,800,Pre-Owned,926,False,0
Gap Women's Ivory Cable Knit Pullover Sweater M Crew Neck Long Sleeve,2299,Pre-Owned,0,False,0
Maurices Gray Knit Button Cardigan Sweater V-Neck Pockets Women's XS Long Sleeve,1200,Pre-Owned,872,False,0
IrelandsEye Cable-Knit Open Front Cardigan Sweater Burgundy Women's Size L,5500,New (Other),1000,False,0
American Eagle Brown Cable-Knit Pullover Sweater Mock Neck S Women,1500,Brand New,926,False,0
Croft & Barrow Embroidered Floral Knit Cardigan Sweater Black Size L Women,930,Pre-Owned,872,False,0
Calvin Klein Sweater Mens L Blue Quarter Zip Stretch Long Sleeve Mock Neck Logo,1000,Pre-Owned,1200,False,0
Vince Womens Knit Round Neck 3/4 Sleeve Pullover Sweater Top Black Size M,2499,Vince,695,False,0
T Tahari Dark Green Knit Pullover Sweater Short Sleeve Mock Neck Size L,2397,New (Other),608,False,0
JohnPaulRichard Gray Red Striped Cowl Neck Short Sleeve Pullover Sweater L,2500,Pre-Owned,926,False,0
Jaclyn Smith White Cotton Acrylic Knit Collared Short Sleeve Pullover Sweater M,1000,Pre-Owned,926,False,0
Zenana Turtleneck Pullover Sweater Gray Knit Long Sleeve Women's Size S,800,Pre-Owned,872,False,0
Neiman Marcus Women's Sweater XL Black White Geometric Knit Crew Neck,2500,Pre-Owned,926,False,0
VINTAGE Chunky Knit Ivory Wool  Button Cardigan Sweater Size L Made in Korea,10000,Pre-Owned,615,False,0
Dazy Cable-Knit Cardigan Cottagecore Fall Sweater Brown Button Front Pockets Med,600,Pre-Owned,1000,False,0
SHEIN White Tight-Knit Pullover Sweater Mock Neck Sheer Balloon Sleeves Women,2700,Brand New,846,False,0
J.CREW Teddy Knit Pullover Sweater Brown L Crew Neck Long Sleeve,1600,Pre-Owned,872,False,0
Universal Thread Beige Knit Cardigan Sweater Open Front Pockets Women's Size S,1600,Pre-Owned,0,False,0
$115 Lauren Ralph Lauren Plus Size Floral Short Sleeve Cotton Blend Sweater 2X,9989,Brand New,643,False,0
American Eagle Olive Open-Knit Pullover Sweater Crew Neck Long Sleeve Size M,1000,Pre-Owned,926,False,0
Jules & Leopold Gray Cable-Knit V-Neck Pullover Sweater Women's XL,2200,Pre-Owned,651,False,0
Banana Republic Pink Soft Knit Pullover Sweater XXL Women's Long Sleeve,1600,Pre-Owned,651,False,0
Wild Fable Mauve Faux Fur Collar Tie Front Cardigan Sweater XXL Women's,2500,Pre-Owned,683,False,0
Petal Primrose Hooded Open-Knit Multicolor Cardigan Sweater XL Women,870,Pre-Owned,926,False,0
Lulus Black Ivory Collared Pullover Sweater Knit Long Sleeve V-Neck Size M,3499,Brand New,926,False,0
Uniqlo Wool Blend Knit Cardigan Sweater Beige Button Pocket Women's Size L,2000,Pre-Owned,926,False,0
AKA Premium Knitted Sweater with Chenille Crest,8500,Brand New,872,False,0
Autumn Cashmere Size M Grey Cashmere Silk Cardigan Drape Sweater,2500,Pre-Owned,1000,False,0
American Eagle Outfitters Navy Chunky Open-Front Cardigan,2900,Brand New,615,False,0
Smartwool Henley Sweater‎ Size XL NWT,12000,Brand New,999,False,0
Taylor's  The Life Of A Showgirl Cardigan Valentine Gift Sweater,2999,Brand New,1000,True,0
Obermeyer Vince Knit 1/2 Zip Sweater Size Small Admiral NWT,12000,Brand New,999,True,0
J.CREW Teddy Knit Pullover Sweater Brown L Crew Neck Long Sleeve,1600,Pre-Owned,872,False,0
Forever 21 Beige Belted Knit Cardigan Sweater Polyester Size M,2499,Pre-Owned,872,False,0
Cropped White/light pink Tie Front Open-Knit V-Neck Long Sleeve Cardigan Sweater,898,Pre-Owned,926,False,0
T Tahari Dark Green Knit Pullover Sweater Short Sleeve Mock Neck Size L,2397,New (Other),608,False,0
Uniqlo Wool Blend Knit Cardigan Sweater Beige Button Pocket Women's Size L,2000,Pre-Owned,926,False,0
Lauren Ralph Lauren Cable-Knit Pullover Sweater Crew Neck Coral XL Women,3000,Pre-Owned,926,False,0
VINTAGE Chunky Knit Ivory Wool  Button Cardigan Sweater Size L Made in Korea,10000,Pre-Owned,615,False,0
SHEIN White Tight-Knit Pullover Sweater Mock Neck Sheer Balloon Sleeves Women,2700,Brand New,846,False,0
Jules & Leopold Gray Cable-Knit V-Neck Pullover Sweater Women's XL,2200,Pre-Owned,651,False,0
A New Day Women's Double Knit Zip Hoodie Sweatshirt Rust Size L,1695,Brand New,0,False,0
Talbots Birdseye Knit Black White Cardigan Blazer Button Pockets Italy Size XL,2974,Pre-Owned,1000,True,0
1980s Robert Mathias Cardigan- Size M,5000,Pre-Owned,1450,False,0
Belldini Angora Button Cardigan Sweater Collar Beige S,6400,Pre-Owned,872,False,0
ON 34TH Pink Cable-Knit Crew Neck Pullover Sweater XS Cotton Blend Long Sleeve,1100,Pre-Owned,920,False,0
Time and Tru Light Pink Knit Mock Neck Pullover Sweater Women’s L,99,Pre-Owned,926,False,0
Market & Spruce Purple Knit Cardigan Sweater XL Open Front Pockets Long Sleeve,1200,Pre-Owned,846,False,0
Heart & Hips Burgundy Knit Ribbed Open Crew Neck Long Sleeve Cardigan Sweater S,599,Pre-Owned,926,False,0
$115 Lauren Ralph Lauren Women's Rib-Knit Linen-Blend Sweater Tank Top Tan M,9978,Brand New,643,False,0
American Eagle Brown Cable-Knit Pullover Sweater Mock Neck S Women,1500,Brand New,926,False,0
Marine Layer Light Green Open-Knit Geometric Pullover Sweater Balloon Sleeve S,4400,Pre-Owned,601,False,0
Boohoo Black Ribbed Button Long Cardigan Sweater V-Neck Long Sleeve Y2K Sz S,850,Pre-Owned,1015,False,0
Lulus Black Ivory Collared Pullover Sweater Knit Long Sleeve V-Neck Size M,3499,Brand New,926,False,0
Aerie Pullover Knit Crew Neck Sweater Beige Ribbed Long Sleeve Women's Size S/P,1800,Pre-Owned,872,False,0
Orvis Women’s XL Blue White Knit Crew Neck Pullover Sweater Long Sleeve,1500,Pre-Owned,1000,False,0
NWOT 360 Cashmere Pullover Gray V-Neck Sweater 100% Cashmere Size S,8500,New (Other),875,False,0
Alfred Dunner Knit Cardigan Women XL Black Floral Beaded Short Sleeve Snap Front,3296,Pre-Owned,683,False,0
chicos cardigan size 3,898,Pre-Owned,1376,False,0
NWT BEAUTIFUL WOMEN YOANA BARASCHI SOLID BLACK CARDIGAN ORIGINAL KNITWEAR SIZE M,2000,Brand New,699,False,0
IrelandsEye Cable-Knit Open Front Cardigan Sweater Burgundy Women's Size L,5500,New (Other),1000,False,0
Quacker Factory Pink Embellished Knit Sweater Plus Size Long Sleeve,1138,Pre-Owned,920,False,0
Aerie Brown Chunky-Knit Cowl Neck Pullover Sweater XS Women,1200,Pre-Owned,926,False,0
We The Free NWOT Cream Wool Cardigan Cable Knit Button-Front Sweater - Size M,6800,New (Other),926,False,0
JohnPaulRichard Gray Red Striped Cowl Neck Short Sleeve Pullover Sweater L,2500,Pre-Owned,926,False,0
Time and Tru Black Knit Turtleneck Pullover Sweater Women’s L (12-14),99,Pre-Owned,926,False,0
Sweater Coat Girls Medium Upcycled Boho Hoodie Fairy Patchwork Festive,23995,Brand New,1250,False,0
Tipsy Elves Christmas Tree Ugly Sweater Mens XXL Red Green Acrylic Holiday,2800,Pre-Owned,920,False,0
Petal Primrose Hooded Open-Knit Multicolor Cardigan Sweater XL Women,870,Pre-Owned,926,False,0
American Eagle Olive Open-Knit Pullover Sweater Crew Neck Long Sleeve Size M,1000,Pre-Owned,926,False,0
Taylor Swift 1989 Ivory Open-Knit Cotton Pullover Sweater Medium Lightweight,5000,New (Other),539,False,0
TUCKERNUCK Purple Knit Pullover Sweater Ruffle Collar Long Sleeve S,5000,Pre-Owned,562,False,0
Black Knit Mock Neck Button Front Long Sleeve Cardigan Sweater Women,1552,Brand New,926,False,0
$115 Lauren Ralph Lauren Women's Rib-Knit Linen-Blend Sweater Tank Top Tan L,9978,Brand New,643,False,0
H&M Divided Gray Cable-Knit Pullover Sweater Turtleneck S Women,700,New (Other),926,False,0
American Eagle Striped Knit Pullover Sweater Beige Brown Red Crew Neck XS Women,900,Pre-Owned,926,False,0
Vintage Hand Knit Ralph Lauren Ivory Cable Knit Cotton Cardigan Sweater M,14000,Pre-Owned,615,False,0
Ultra Flirt Gray Star Button-Up Cardigan Sweater Acrylic Knit Large,3000,Brand New,926,False,0
Poetry Navy Blue Ribbed Knit Cotton Pullover Sweater Women's Size 16,3000,Pre-Owned,651,False,0
Abercrombie and Fitch Ribbed Cardigan  Burgundy V-Neck ,3000,Pre-Owned,926,False,0
Papaya-open cardigan like kinomo,1699,Pre-Owned,0,False,0
Banana Republic Pink Soft Knit Pullover Sweater XXL Women's Long Sleeve,1600,Pre-Owned,651,False,0
YeoKou Beige Zip-Up Sweater with Ribbed Collar,2000,Brand New,1000,False,0
$115 Lauren Ralph Lauren Plus Size Floral Short Sleeve Cotton Blend Sweater 2X,9989,Brand New,643,False,0
Parsley & Sage Red Wool Collared Cardigan Sweater XL Button Pockets Women,111,Pre-Owned,926,False,0
Jilly Pure Scottish Cashmere Cable-Knit Pullover Sweater Navy Blue ,9700,Pre-Owned,926,False,0
Gap Black & Cream ,2400,Pre-Owned,746,False,0
Men’s Half Turtleneck Zip Sweater Korean Style Premium Knit,1887,Brand New,1600,False,0
Polo Ralph Lauren Holiday Mock Neck Sweater XS New,14000,Brand New,999,True,0
DESIGN365 Blue Gray Scoop Neck Pullover Sweater L 3/4 Sleeve Knit Striped,423,Pre-Owned,746,False,0
Nation LTD Ribbed Crew Neck Sweater - Pink and Tan Small New,12000,Brand New,999,False,0
"Palm Angels Butter Black Knitted A Sweater Size XS (MSRP: $1,232.00)",59900,Brand New,590,False,0
NWT Design 365 Wavy Striped Knit Pullover Sweater Sz XL Cotton Blend,100,Brand New,0,False,0
YESNO Womens Oversized Soft Cozy Graphic Pullover Wool Cotton Sweater,1699,Brand New,0,True,0
"POLO RALPH LUREN VINTAGE NAVY WHITE STRIPE LINEN COTTON SWEATER SIZES M, L, XL",3000,Brand New,500,False,0
Vintage 90s POLO Ralph Lauren Brown 100% Cotton Knit Sweater Men's Size L,2000,Pre-Owned,1450,False,0
Lauren Ralph Lauren Women's Two-Tone Short-Sleeve Sweater Size  S  M  L,5500,Brand New,615,False,0
Unbranded Pullover Casual Sweater Men Size L White Crew Neck Dolman Long Sleeve,1278,Pre-Owned,998,True,0
J Crew Cardigan Sweater Mens Gray Cable Knit Polo Collar Cotton (All Sizes),4549,Brand New,987,True,0
Vintage 90s Utility Red Athletic Knit Sweater L Striped Preppy,1999,Pre-Owned,1525,True,0
Banana Republic Cardigan Sweater Navy Chunky Toggle Button Men's XL 100% Cotton ,3999,Pre-Owned,1095,False,0
size Small Pacas Women's  Alpaca Wool relaxed V-neck sweater has a flatt,3500,Brand New,0,True,0
Lady's X'mas Sweater Round Neck Long Sleeve Jumper Knitted,3999,Brand New,0,False,0
Janie and Jack Red Cable Knit Sweater Vest 12 to 18 Months Toddler Christmas,1600,New (Other),562,False,0
VTG Lands End USA Flag Knit Sweater  Women’s L  14-16 Reg Pullover Patriotic NOS,6497,Brand New,999,True,0
$98 NWT J. Crew Unisex SZ Medium 1988 Navy Blue men's knit cotton Rollneck,6500,Brand New,2125,False,0
Signature Northern Isles Hand Knit Floral Sweater Vest Womens Small Cottage,3499,Pre-Owned,1036,True,0
$148 Brooks Brothers Men's Supima Cotton Cable Knit V-Neck Sweater Ivory Size M,9999,Brand New,1000,False,0
Vintage Tiara International Patchwork Knit Sweater M Women's,2990,Pre-Owned,,False,0
VTG Baetman & Co Knit Sweater Green Women Sz Medium Acrylic Blend Taiwan R.O.C.,2487,Pre-Owned,687,True,0
Vintage Eddie Bauer Knit Sweater Mens Medium Navy Fair Isle Nordic Geometric,2542,Pre-Owned,749,False,0
New J.Crew Large Teddie Sweater,1200,Brand New,608,False,0
Mens Sweater Large Luxury Monogram Knit Black with Red Stripes Coogi Gucci VTG,14888,Brand New,1105,False,0
Guinness Men's Sweater Bottle Green Irish Crew Neck Knitted Pullover,4899,Brand New,599,False,0
Men's Cashmere Sweater Mock Neck Sweaters Knit Pullover for Male Men Knitwear.,1999,Brand New,0,False,0
"Men's Orange Combo Club Room 100% Cotton Sweater, Size Medium",600,Brand New,,True,0
J Crew Knit Sweater Green Mens Medium NWT,3500,Pre-Owned,926,False,0
Vintage 80s J.B. Buck Sports Red Striped Acrylic Knit Crewneck Sweater XL,1499,Pre-Owned,699,False,0
Ralph Lauren Polo Bear Men’s Large White Lighthouse Pullover Crewneck Sweater,28500,Brand New,1000,False,0
new Sonoma Cable Knit Sweater Mens Large Cream Ivory Cotton Blend Pullover,1760,Brand New,580,True,0
Vintage Sweater Graphix Burgundy Maroon Ribbed Knit Sweater M Acrylic Crew Neck,2100,Pre-Owned,1050,False,0
Men's Cashmere Blend Sweater V-Neck Long Sleeve Pullover Knit Base Warm Knitwear,2999,Brand New,0,False,0
Bachrach Sweater Mens M Beige Wool Italy Grandpacore Mock Neck Pullover EUC VTG,2995,Pre-Owned,752,False,0
New Uniqlo Women Merino 100% Wool Ribbed Sweater | Half Sleeve Off White M,1899,Brand New,651,False,0
Heavyweight Waffle Knit Thermal Crewneck - Black (80% Cotton / 20% Poly)-XL,1699,Brand New,0,False,0
Perry Ellis Linen Blend Sweater Men Striped Crew Neck Dark Sapphire Blue XXL NEW,2299,Brand New,699,False,0
Polo Ralph Lauren Women’s Cotton Cable Knit Crew Neck Sweater White Size XS NWT,8400,Brand New,0,False,0
Chaps Mens Knit Sweater Ribbed Crew Neck Pullover Medium,2997,Pre-Owned,1000,False,0
"Tommy Hilfiger Women's Crewneck Cable Knit Sweater, Ivory, Size XXL",2716,Brand New,0,False,0
NWT J Crew 100% Wool Brushed Cable Knit Crewneck Sweater in Burgundy Red,7799,Brand New,987,True,0
ALO Yoga Sweatshirt Women XS Gray Cotton Gym Workout Training Crewneck Sweater,3499,Pre-Owned,899,True,0
QUALFORT Women's Sweater 100% Cotton Soft Knit Pullover Sweater Light Blue,1500,Brand New,0,False,0
Vintage Sweater Graphix Cable Knit Sweater Womens Large Blue Chunky Cozy Grandpa,2499,Pre-Owned,999,False,0
Nautica Jeans Women's Cable Knit Full Zip Sweater,2099,Brand New,0,False,0
525 America Womens Long Sleeve Cable Knit Sweater Fisherman 2 Pockets Medium Y2K,1899,Pre-Owned,800,False,0
Men's Cashmere Sweater Mock Neck Sweaters Knit Pullover for Male Men Knitwear.,1690,Brand New,0,True,10
Men's Cable Crewneck Sweater - Goodfellow & Co,2199,Brand New,0,True,0
NWT 100% Peru Baby Alpaca Embroidered Black Cardigan Sweater Women's size S,7999,New (Other),995,False,0
Millau Women's Cropped Lace up Sweater Black Knit Size Small,1600,Pre-Owned,687,False,0
Polo Ralph Lauren Mens Southwest Linen Alpaca Southwest Crew Knit Sweater $395,9450,Brand New,0,False,0
Style & Co. Women's Fringe-Trim Toggle-Buckle Gray Poncho Sweater Wrap ONE SIZE,1124,Brand New,0,True,0
YEMAK Women's Long Sleeve Crewneck Casual Soft Knit Pullover Sweater MK8015(S-L),1455,Brand New,,True,0
Vintage Nautica Sweater Mens Large Cream V Neck Cable Knit 90's Cricket Preppy,4444,Pre-Owned,949,True,0
"Puma Men's Textured Crew Neck Sweatshirt, Black/M,L,XL New with Tags",1999,Brand New,0,False,0
Johnnie-O Pullover Men's Sully Quarter Zip Wrinkle Resistant Regular Fit,4999,New (Other),0,True,0
St. John’s Bay Colorblock Cable Knit Sweater Size Small Cozy Warm Style,2400,Pre-Owned,1207,False,0
Vintage JM Just For Men Italy Made Wool Blend Cable Knit Pullover Sweater Medium,2998,Pre-Owned,995,True,0
John Varvatos Gray Knit V-Neck Pullover Sweater Men’s Size M,4000,Pre-Owned,601,False,0
Kenneth Cole Polo Sweater Long Sleeve Espresso Cotton Viscose Blend Slim Fit,2988,Brand New,957,True,0
Ralph Lauren Cable Knit Jumper Crewneck Cotton Pullover Long Sleeve,4668,Brand New,2026,False,0
VINTAGE NAVY BLUE KNIT SWEATER HIGH QUALITY PERFECT CONDITION,3499,Pre-Owned,1065,False,0
Joseph Abboud Sweater Mens L Large Straw Crew Neck Cotton Ribbed Knit Pullover,1695,Pre-Owned,,True,0
J Crew Roll Neck Sweater Womens Size XXL Tan Cotton Chunky Knit Caramel,4000,Pre-Owned,793,False,0
Gap Men's Textured Waffle Stitch Crew Neck Easy Care Sweater,2299,Brand New,0,True,0
Lands' End Men's Bedford Rib Quarter Zip Long Sleeve Soft Cozy Pullover,1699,Brand New,0,True,0
The Men's Store Silk/Linen Blend Textured Knit Crew Neck Pullover Sweater NWT,5246,Brand New,0,True,0
Belle by Kim Gravel Size S Feather Knit Bracelet Sleeve Sweater GRAY A555507,1299,New (Other),650,False,0
"New! NAUTICA Navy Blue Long Sleeve Sweater, Tight Knit & Cable Knit - Men's XXL",2000,Brand New,1000,False,0
The Men's Store Bloomingdales Cashmere 1/4 Zip Pullover Sweater Men's Large,1995,Pre-Owned,750,False,0
Men's Cable Crewneck Sweater - Goodfellow & Co,1869,New (Other),0,True,0
Peter Millar Sweater Mens Small Blue Indigo Knit Quarter Zip 1/4 Sweatshirt,5928,Brand New,,True,0
Men's Gray Knit Henley Sweater Long Sleeve Button Accent Size L Casual Solid,990,Pre-Owned,926,False,0
Men's  Sweater Mock Neck Sweaters Knit Pullover for Male Men Knitwear Sz,2860,Brand New,0,False,0
Deep Forrest Flying Duck Knit Oversized Sweater,5400,Brand New,830,False,0
Weatherproof Vintage Men's Large Gray Chenille Style 1/4 ZIP Sweater,2999,New (Other),0,False,0
New Uniqlo Women Merino 100% Wool Ribbed Sweater | Half Sleeve Off White M,1899,Brand New,651,False,0
Boho Chunky Cable Knit Sweater Sz XL Hippie Peasant Oversized Bell Sleeves - New,2999,Pre-Owned,920,False,0
Mens Cable Knit Sweater XL Chunky V Neck Oversized Grandpa Cozy,3000,Pre-Owned,1000,False,0
Mens Sweater Large Luxury Monogram Knit Black with Red Stripes Coogi Gucci VTG,14888,Brand New,1105,False,0
NWT $60  J.Crew Rollneck Crop Cotton Knit Sweater 2X Long sleeve Pale Pink ,3898,Brand New,835,False,0
G.H. Bass & Co Mens Blue Chunky Ribbed Knit Sherpa Lined Mock Neck Sweater XXL,2787,Pre-Owned,881,False,0
Eddie Bauer Knit Sweater  Wool Acrylic Blend Mens Size Large Gray Snow Holidays,2999,Pre-Owned,1207,False,0
Mens Thick Turtleneck Sweater Warm Wool Blend Knit Pullover Winter Solid S-3XL,2199,Brand New,0,True,0
NWT J Crew 100% Brushed Wool Crewneck Sweater in Mahogany Burgundy Red,7799,Brand New,987,True,0
Women's Blue and White Striped Long Sleeve Crew Neck Knit Sweater Top,1800,Brand New,883,False,0
J. Jill Women’s Medium Blue Button Up Sweater,700,Pre-Owned,1000,False,0
Tricots St. Raphael Sweater Mens Cable Knit Thick Sz L Black Rib Knit Hem Cuffs,3836,Pre-Owned,895,False,0
VTG Lee Sweater Womens L Blue Flecked Ragg Marl Roll Neck Cable Knit Sweatshirt,2999,Pre-Owned,995,True,0
 Crewneck Knit Sweater – Men’s Medium,2499,Pre-Owned,1170,False,0
Red Sky Knit Ramie Cotton Ivory Pullover Sweater Men's Size L,2799,Pre-Owned,1065,False,0
Y2K J Crew  Sweater Size M 100% Lambswool Roll Neck Vintage Fisherman Rustic,5900,Pre-Owned,1765,False,0
mfh knits sweater mens med 100% baby alpaca knit pullover retro grandpa,5500,Pre-Owned,881,False,0
Cardigan Bay hand knit vintage Easter Cardigan M lambs & bunnies,3100,Pre-Owned,1525,False,0
NWT J Crew 100% Wool Brushed Cable Knit Crewneck Sweater in Heather Mint Green,7799,Brand New,987,True,0
Polo Ralph Lauren Crewneck Sweater Pullover Pony Blue Casual Preppy Men’s XL,2497,Pre-Owned,1450,False,0
Oak And Fort Pullover Sweater Men Size M Black Knit Stretch Distressed Oversized,2249,New (Other),1095,False,0
Lacoste Fitted CREW-neck 100% Organic Cotton Spring Sweater MENS GRAYX,3995,Brand New,1000,True,0
Columbia Men’s Knit Sweater Burgundy Ribbed Crewneck Pullover Size L,2576,Pre-Owned,1370,False,0
Signature Northern Isles Hand Knit Floral Sweater Vest Womens Small Cottage,3499,Pre-Owned,1036,True,0
Lacoste Sweater men's Small Blue Navy Knit Preppy Pullover Crewneck Preppy Logo,2999,Pre-Owned,890,True,0
Lauren Ralph Lauren Women's Two-Tone Short-Sleeve Sweater Size  S  M  L,5500,Brand New,615,False,0
Polo Ralph Lauren Mens Southwest Linen Alpaca Southwest Crew Knit Sweater $395,9450,Brand New,0,False,0
Perry Ellis Linen Blend Sweater Men Striped Crew Neck Dark Sapphire Blue XXL NEW,2299,Brand New,699,False,0
Vintage Aran Crafts Sweater Men 100% Irish Wool Cable Knit Fisherman Crewneck,6000,Pre-Owned,1900,False,0
Men's Polo Sweater - Goodfellow & Co,1699,Brand New,0,True,0
Men's Ribbed Hem V-Neck Cardigan - Goodfellow & Co Light Gray,1750,Brand New,870,False,0
Bachrach Sweater Mens M Beige Wool Italy Grandpacore Mock Neck Pullover EUC VTG,2995,Pre-Owned,752,False,0
Geoffrey Beene Men’s XL Navy Cotton Sweater Crewneck Ribbed Knit Casual,1699,Pre-Owned,965,False,0
DKNY Men's Polo Knit Sweater Size Large. Beige. NWOT.      #394,1800,New (Other),872,False,0
NWT 100% Peru Baby Alpaca Embroidered Black Cardigan Sweater Women's size S,7999,New (Other),995,False,0
Vintage cable knit striped sweater,3200,New (Other),883,False,0
DKNY Men's Polo Knit Sweater Size Large. Green. NWOT.      #389,1800,New (Other),872,False,0
Millau Women's Cropped Lace up Sweater Black Knit Size Small,1600,Pre-Owned,687,False,0
CHAPS Mens Long Sleeved Cotton Knit Sweater Pullover Top Gray LARGE Warm,1200,Pre-Owned,1000,False,0
Knit Cable-Knit Sweater White Crew Neck Full Zip Women's Long Sleeve,1245,New (Other),872,False,0
VTG Lands' End Ivory Cardigan Sweater Fisherman Cable Knit Grandpa Size M 10-12,3600,Pre-Owned,795,True,0
New Autumn and Winter Men's Heavy Embroidery Bear Sweater Round Neck Casual Knit,10400,Brand New,1990,False,0
Lacoste Fitted CREW-neck 100% Organic Cotton Spring Sweater MENS NAVYX,3900,Brand New,1000,True,0
Polo Ralph Lauren Polo BEAR Knit Sweater Jumper COTTON WOMEN'S      L,19900,Brand New,0,False,0
Whipper In Sweater Mens XL Blue Camo Army 1/4 Zip Mock Neck Tight Knit Pullover,1999,Pre-Owned,799,True,0
NWT Gionfriddo Mens Green Blue Long Sleeve Abstract Print Polo Sweater Size L,2996,Brand New,795,True,0
"Tommy Jeans - Signature Solid Cneck, Desert Sky, MD",2100,Brand New,0,False,0
NWT Quince Mongolian Cashmere Full-Zip Hoodie Sweater,5000,Brand New,0,False,0
525 America Womens Long Sleeve Cable Knit Sweater Fisherman 2 Pockets Medium Y2K,1899,Pre-Owned,800,False,0
Women's Blue and White Striped Long Sleeve Crew Neck Knit Sweater Top,1800,Brand New,883,False,0
Vintage Carolyn Taylor Ivory Ramie Cotton Textured Knit Sweater Women’s L,1999,Pre-Owned,643,False,0
Soho Street NY&Co Fuzzy Knit Sweater Wmns Sz XL Cornflower Blue Furry Comfy,2200,Pre-Owned,875,False,0
Ralph Lauren Women’s Pink Cable Knit Sweater – Medium – 100% Cotton – Green Pony,2995,Pre-Owned,1000,False,0
Trimminghams Bermuda Sweater Womens Extra Large Wool Cable Crewneck Pullover,3626,Pre-Owned,949,False,0
Women's Rib-Knit High Neck Cardigan Sweater - A New Day Gray L,1999,Brand New,0,True,0
Vintage Robert Scott Medium Sweater Argyle Silk Wool Long Sleeve Mock Diamond,1375,Pre-Owned,643,False,0
St. John Vintage Pink Zip Up size S,6000,Pre-Owned,1000,False,0
J.Crew Cable Knit Sweater M Mustard Chunky Wool Blend Cozy Cottagecore,1800,Pre-Owned,926,True,0
"The Men's Store Bloomingdale's Men's Merino Wool V-Neck Sweater, Black, Size M",4699,Brand New,0,True,0
Polo Ralph Lauren Cable Knit Sweater Women Size Small,2220,Pre-Owned,1000,False,0
DG2 by Diane Gilman Women's Sweater Keyhole Mock-Neck Top Sorbet,1799,New (Other),0,False,0
J Crew Sweater Women’s Medium Black  Cotton Nylon Wool Crew Neck Knit Top NWT$59,2400,Brand New,577,False,0
Ann Taylor Wool Blend Sweater Women S Grey Knit High Neck Loose Sleeves,1200,Pre-Owned,875,False,0
Ann Taylor Cable Knit Sweater Women’s XL Red Pullover Super Soft M3,1999,Brand New,999,False,0
Vintage Knit Sweater Womens S Purple Paisley Floral Grandma Heavy Cotton 80s,2374,Pre-Owned,899,False,0
Cut Loose Cowl Neck Pullover Tunic Sweater Stretch Size XL Grey Lagenlook Artsy,2200,Pre-Owned,545,False,0
Good Man Brand V-Notch Sweater Merino In Black  Size M NWT,2500,Brand New,746,False,0
Vintage LL Bean Sweater Women’s Large Blue Fair Isle Scotland Cotton Nordic,2499,Pre-Owned,899,True,0
NWT J Crew 100% Brushed Wool Crewneck Sweater in Mahogany Burgundy Red,7799,Brand New,987,True,0
Ninety Pointelle Cottagecore Knit Sleeveless Top Sweater LARGE Coastal Country,2800,Pre-Owned,,False,0
90s Vintage Shetland Wool Sweater Turtle Neck,2000,Pre-Owned,651,False,0
Stranger Things Ugly Sweater Men's The Upside Down Holiday Knit Pullover,4999,Brand New,0,True,0
Chicos Chunky Knit Cotton Linen Sleeveless Pink Duster Sweater Vest Womens Sz XL,3498,Pre-Owned,920,False,0
Weatherproof Vintage Men's Flannel lined 1/4 zip Sweater,2499,Brand New,0,False,0
Polo Ralph Lauren Women’s Cotton Cable Knit Crew Neck Sweater Gray Size XS NWT,7900,Brand New,0,False,0
Avalin Men's Large Navy Blue Sweater V-Neck Collared Medium Weight,999,Pre-Owned,675,False,0
VTG Lands End USA Flag Knit Sweater  Women’s L  14-16 Reg Pullover Patriotic NOS,6497,Brand New,999,True,0
NWT Carolyn Taylor Women Knit Sweater with Detachable Scarf Blue Beaded Size XL,1577,Brand New,615,False,0
Women's Cashfeel Cable Knit Hooded Pullover Sweater - Auden,1799,Brand New,0,True,0
Jaclyn Smith Women's Sweater Knit Blazer Turkish Sea,2999,New (Other),0,False,0
Dex Women Size Medium Shaggy Knit Sweater Peppy Bohemian Boho Cottagecore READ,2499,Pre-Owned,920,False,0
Vintage Burberry USA Men's Forest Green Cotton Polo Collar Sweater Medium $589,3402,Pre-Owned,951,False,0
Mens Sweater Big Lebowski Cardigan Knit Jeffery Zip Up Adult New Movie Costume,3598,Brand New,0,False,0
PHILOSOPHY Sz L Ivory Lt Taupe Cotton Cable PULLOVER SWEATER Studded NWT $68,1395,Brand New,0,False,0
White House Black Market Womens Knit Sweater Size M Black Boat Neck Short Sleeve,1999,Pre-Owned,609,True,0
Tasso Elba Sweater Mens Small Blue Long Sleeve Pullover V Neck Knit 012269,839,Brand New,699,True,0
Flawless Bubble Heart Apricot Texture Knit Sweater Cute Oversize Feminine Small,3495,Pre-Owned,1000,False,0
Croft & Barrow Striped Cable Knit Sweater Womens Medium M Blue Green Gray Cotton,1695,Pre-Owned,1046,False,0
Vintage Eddie Bauer Wool & Angora Sweater Cream Women's Size XXL Cable Knit,4000,Pre-Owned,895,False,0
Cottagecore Grandmacore Cream Cable Knit Sweater Womens M Cozy Vintage Style,1215,Pre-Owned,757,False,0
American Eagle Women's Cable Knit Cricket V-Neck Sweater Cream Blue XS Pullover,2200,Pre-Owned,646,False,0
Cotton:On Women's Holly Pullover Shrug Knit Sweater Coverup Wheat Size XS/S NEW,1529,Brand New,499,True,0
$98 NWT J. Crew Unisex SZ Medium 1988 Navy Blue men's knit cotton Rollneck,6500,Brand New,2125,False,0
Vintage Bergdorf Goodman | 100% Cotton Navy Blue Chunky Knit Sweater | Large,3500,Pre-Owned,883,False,0
NWOT Catherine Malandrino womens S Knit Turtleneck sweater oversized wool alpaca,901,New (Other),595,False,0
Immodel Women's Pink and Green Knit Sweater SZ M,2697,Pre-Owned,608,False,0
CeCe Women Hot Pink Puff Balloon Sleeve Crewneck Knit Sweater 7051226 Medium,1500,Pre-Owned,643,False,0
Women Cardigan Solid Color Sweater Cashmere Blend Simple Crew Neck Jacket Coat,1900,Brand New,0,False,0
Crown and Ivy Pineapple Cardigan Button-up Yellow and Blue Women's Size Large,1354,Pre-Owned,1000,False,0
Vintage Cream Cable Knit V Neck Pullover Sweater Women M Acrylic,999,Pre-Owned,881,False,0
Karen Scott Cable Knit Sweater XL Almond Cream Pearl Button Neutral Pale Yellow,1495,Pre-Owned,899,False,0
Ralph Lauren Polo Bear Knit Pullover Sweater White Crew Neck Long Sleeve Women ,19600,New (Other),1000,False,0
Men's Long Sleeve Knit Polo Shirts Casual Raglan Sleeve Sweater Golf Shirts Polo,3999,Brand New,500,False,0
NWT J Crew 100% Wool Brushed Cable Knit Crewneck Sweater in Burgundy Red,7799,Brand New,987,True,0
Hanes Unisex Ecosmart Crewneck Sweatshirt - P1607,2305,Brand New,0,True,0
Polo Ralph Lauren Women’s Cotton Cable Knit Crew Neck Sweater Gray Size XS NWT,7900,Brand New,0,False,0
Men's  Sweater Mock Neck Sweaters Knit Pullover for Male Men Knitwear Sz,2860,Brand New,0,False,0
Madewell Red Chunky Knit Sweater Small Cotton Cozy Warm Minimalist Pullover,2299,Pre-Owned,596,False,0
Stranger Things Ugly Sweater Men's The Upside Down Holiday Knit Pullover,4999,Brand New,0,True,0
Vintage 90s Rafael Gold Metallic Stripe Mock Neck Sweater L Black Shimmer Knit,1800,Pre-Owned,643,False,0
Cut Loose Cowl Neck Pullover Tunic Sweater Stretch Size XL Grey Lagenlook Artsy,2200,Pre-Owned,545,False,0
AllSaints sweater jumper adult stein crew neck ramskull mens black ivory green,3999,Brand New,595,False,0
Eileen Fisher Sweater Womens L Blue Merino Wool Funnel Neck Pullover Minimalist,3495,Pre-Owned,695,True,0
J. Jill Women’s Medium Blue Button Up Sweater,700,Pre-Owned,1000,False,0
Talbots Sweater Womens XL Olive Green Rainy Day Plaid Boots Leather Elbow Patch,3000,Pre-Owned,749,True,0
Chanel Multicolored Pullover Sweater,120000,Brand New,683,False,0
NEW FALL LAVANE Men's Fancy Crewneck Knit: Brown Stripe  = Size M to 4XL,3200,Brand New,1195,False,0
J Crew Sweater Mens Light Baby Blue Cardigan Cable Knit Cotton V-Neck,7799,Brand New,987,True,0
"Club Room Men's Cable-Knit Pullover Sweater, Deep Black, Small S",1169,Brand New,899,True,0
Men's Thickened Knitted Sweater Stand Neck Thickened Sweater,3292,New (Other),699,False,0
Half-Zip Sweater Men’s Cotton Men’s Stripe Knit Light Weight Comfort Perfect Fit,989,Brand New,0,False,0
"The Men's Store Bloomingdale's Men's Merino Wool V-Neck Sweater, Black, Size M",4699,Brand New,0,True,0
Nordstrom BP Ribbed Crew Neck Sweater Sz XS Tan Boulder Knit Cabincore Earthy,1500,Brand New,722,False,0
Tommy Hilfiger Womens Sweater V-Neck Pullover Lightweight Long Sleeve Knit New,2299,Brand New,0,True,0
Grey Sweater. Rhinestone Neck Embellishment. Marled. XL.,999,Pre-Owned,926,False,0
J.Crew Sweater Womens Large Gray Bear Graphic Crewneck Knit Pullover Embroidered,2799,Pre-Owned,699,True,0
J Crew Sweater Women’s Medium Black  Cotton Nylon Wool Crew Neck Knit Top NWT$59,2400,Brand New,577,False,0
Men’s Turtleneck Sweater Warm Wool Knit Winter Roll Neck Jumper Pullover.,1999,Brand New,0,False,0
NWT My Favorite Things Open Knit Draped Tassels Party Black Sweater. M.,1900,Brand New,0,False,0
Planet Earth Imports Sweater Vest 100% Wool Made In Bolivia Cottagecore Western,5500,Pre-Owned,899,False,0
Vintage Tiara International Patchwork Knit Sweater M Women's,2990,Pre-Owned,,False,0
maison Jules Womens Baseball Knit Sweater,2299,Brand New,795,False,0
Elea Crystal Knit Sweater Sapphire and Sangria THE NOLI SHOP,3099,Brand New,699,False,0
Polo Ralph Lauren Women's Cream Navy Pullover Waffle Knit Sweater,2400,New (Other),0,True,0
Vintage Henley Sweater Striped Women’s Size XXL Beige Green Spunky USA Made Y2K,3000,Pre-Owned,589,False,0
ALLSAINTS Women Size L Lock roll-neck wool Yak jumper Pullover Sweater Ivory,3990,Pre-Owned,799,False,0
Cream Cable Knit Sleeveless Sweater Vest Women's M/L,2700,Pre-Owned,731,False,0
Vintage Sweater Graphix Cable Knit Sweater Womens Large Blue Chunky Cozy Grandpa,2499,Pre-Owned,999,False,0
Blue Ombre Knit Roll Hem Sweater M Coastal Winter Capsule Stockholm Clean Girl,2375,Pre-Owned,700,False,0
J.Crew Factory Rollneck Cable Sweater L Pink Women's Soft Cotton Stretch Flawed,2500,New (Other),926,False,0
Abercrombie & Fitch NWT gray ribbed oversize sweater size S,2499,Brand New,,False,0
Ralph Lauren Polo Bear Knit Pullover Sweater White Crew Neck Long Sleeve Women ,19600,New (Other),1000,False,0
Casual Loose Thick Oversize O-Neck Men Pullover Sweater Autumn Fashion Knitted,3499,New (Other),0,False,0
L.L. BEAN Signature Sweater Womens S Fisherman Cable Knit Stripes Zippers Small,2499,Pre-Owned,662,False,0
Lands' End Men's Bedford Rib Quarter Zip Long Sleeve Soft Cozy Pullover,1699,Brand New,0,True,0
VINTAGE 90s AVALIN Knit Sweater Art To Wear Funky Buttons Patchwork Look XL NEW,5000,Brand New,1000,False,0
Women’s Banana Republic Garnet Sweater With Lace Insert In Sleeves/Arms Size XL,1700,Pre-Owned,620,False,0
Mirol Sweater Womens Large Mauve Long Sleeve Super Soft Ribbed Pullover Tunic,1494,Brand New,799,False,0
Men's Short Sleeve Full Button Sweater - Goodfellow & Co,1999,Brand New,0,True,0
Woolrich Sweater Women’s Petite Large Blue Fair Isle Clasp Lambswool Nordic,2499,Pre-Owned,899,True,0
NEW Varley VAR02781 Allena Blue 1/2 Zip Knit Pullover Sweater Vest Women's M,4249,Brand New,980,False,0
Women’s 90s Vintage Aesthetic Multicolor Geometric Knit Crewneck Cosby Sweater,2195,Pre-Owned,662,False,0
Alpaca Sweater Women Hooded Grey Black  Peru Cozy Winter S,3000,Pre-Owned,0,False,0
Vintage 90s Y2K GAP Ribbed Fitted Cotton Scoop Neck Sweater Navy L,1695,Pre-Owned,1105,True,0
Vintage Cream Cable Knit V Neck Pullover Sweater Women M Acrylic,999,Pre-Owned,881,False,0
Vintage Carolyn Taylor Ivory Ramie Cotton Textured Knit Sweater Women’s L,1999,Pre-Owned,643,False,0
Women's Large Black Sweater Trina Truck,800,Pre-Owned,926,False,0
"Tommy Hilfiger Women's Crewneck Cable Knit Sweater, Ivory, Size XXL",2716,Brand New,0,False,0
Vintage Paul Harris Design Multicolored Colored  Large Sweater,3000,Pre-Owned,750,False,0
Vintage Knit Sweater Womens S Purple Paisley Floral Grandma Heavy Cotton 80s,2374,Pre-Owned,899,False,0
St. John Sport Marie Gray Charcoal Women's Shell Sweater Wool Bled AS-IS  Large,2000,Pre-Owned,0,False,0
Vintage Women's Wool/Angora Rabbit Hair Blend Soft Cable Knit Sweater Size L,2500,Pre-Owned,926,False,0
Le Tigre Blue Cable Knit V-neck Sweater Women's Large Tiger Patch Slim Stretch,1980,Pre-Owned,1000,False,0
Lauren Ralph Lauren Pink Cable-Knit Sweater 100% Cotton Crew Neck Pullover XL,2999,Pre-Owned,700,False,0
Turtleneck T-Shirt For Men Long Sleeves Tailored Comfort Fit Lot Utopia Wear,2599,Brand New,0,False,0
"Polo Ralph Lauren Cable Knit Crew Neck Pullover, Navy & Blue, Size L",8599,Brand New,1376,False,0
Turtleneck Men's Sweater Autumn 2026 New Knitted High Neck Pullover Streetwear ,8403,New (Other),0,False,0
Vintage Eddie Bauer Wool & Angora Sweater Cream Women's Size XXL Cable Knit,4000,Pre-Owned,895,False,0
Men's Short Sleeve Ribbed Knit Mock Turtleneck Pullover Casual Lightweight Sweat,5398,Brand New,0,False,0
VNTG 80s Classic Directions Nautical Sailing Sweater | Red White & Blue Striped,3000,Pre-Owned,872,False,0
Vintage US Post Office USPS San Francisco Knitting Mills Sweater Vest Navy Small,4900,Pre-Owned,495,False,0
Brandy Melville JOHN GALT Cable Knit Sweater Vest Marlena Pink Academia Coquette,1566,Pre-Owned,650,False,0
Eddie Bauer Men's Relaxed Fit Bonded Fleece Mock Neck Sweater,2499,Brand New,0,True,0
Mirol Sweater Womens Large Mauve Long Sleeve Super Soft Ribbed Pullover Tunic,1494,Brand New,799,False,0
Perry Ellis Men’s Square Pattern Crew Neck Sweater Tee SS Black Sz M NWT MSRP$79,1999,Brand New,539,False,0
A New Approach ANA Sweater Women's Medium Wool Blend Blue Marble Knit Crewneck,1699,Brand New,699,True,0
"Legendary Outfitters Women's Cozy Cable Knit Sweater, Blue Heather, Size L",2795,Brand New,0,False,0
VTG Abercrombie & Fitch The Big Sweater Mens XL Long Chunky Knit Beige Fisherman,4500,Pre-Owned,,False,0
Whipper In Sweater Mens XL Blue Camo Army 1/4 Zip Mock Neck Tight Knit Pullover,1999,Pre-Owned,799,True,0
Cashmere Sweater Women Turtleneck Zipper^Knitted Cardigan Slouchy Loose Jumper#M,2850,Brand New,400,False,0
J Crew Sweater Mens Light Baby Blue Cardigan Cable Knit Cotton V-Neck,7799,Brand New,987,True,0
Autumn Winter Turtleneck Sweater Men 2025 New Casual Solid Knitted Cardigan Men,5599,Brand New,0,False,0
Vintage 90s Rafael Gold Metallic Stripe Mock Neck Sweater L Black Shimmer Knit,1800,Pre-Owned,643,False,0
NWT Karen Woolen Mills Cream Cable Chunky Knit Fisherman Wool Sweater,5000,Brand New,,False,0
Polo Ralph Lauren Long Sleeve 1/2 Zip Cable-Knit Sweater - Grey (Navy pony) -,13999,Brand New,0,True,0
Brown Textured Knit Cardigan Womens L Cozy Soft Minimalist Button Front Sweater,3900,Pre-Owned,855,False,0
Philosophy  L Tunic Sweater Light Weight Pullover Black Back Pleat Semi-Sheer,1499,Brand New,750,False,0
Hart Schaffner Marx Merino Wool V-Neck Sweater Vest Tall XLT Red 100% Fine Wool,1800,Brand New,0,True,0
COTTON & RYE Orange Longhorn western sweater in rust | Large ,3400,Pre-Owned,885,False,0
White Stag Vintage Navy Full Zip Sweater XXL 2XL Cable Knit Turtle Neck,1000,Pre-Owned,899,False,0
Mirumi Black Butter Cream Striped Eyelash Knit Fuzzy Pocket Sweater Size Small,1100,Pre-Owned,699,False,0
Cupshe Womens Green Knit Sweater M Long Sleeve Casual Top,1999,Brand New,0,False,0
Mens Turtleneck Long Sleeve Shirt - Winter Pullover Sweater for Men,880,Brand New,0,True,0
Melissa Paige Women's Elbow-Sleeve Ribbed-Edge Tape-Yarn Sweater - Tea NWT.,1798,Brand New,601,False,0
New Lauren Ralph Lauren Women's Full Zip Cable-Knit Sweater - XS - Gray / Silver,3995,Brand New,995,False,0
Faherty Sage Green Organic Cotton Shaker Stitch fisherman Sweater Size S boho,2400,Pre-Owned,1050,False,0
Marc New York Womens Sweater XL Top Pullover Long Sleeve Knit Mock Neck Rose $70,958,Brand New,687,False,0
VTG Karen Scott Pure Wool Sweater Women’s Navy Blue Fur Collar Size L Australia,3999,Pre-Owned,926,False,0
RD Style Stitch Fix Women's Size Medium Red Knit  Crew Neck Cardigan Sweater NWT,1899,Brand New,0,False,0
L.L. Bean Top Womens Medium Petite Blue White Striped 1/4 Zip Pullover Cotton,1995,Pre-Owned,,False,0
Talbots Red Pointelle 3/4 Sleeve Lightweight Sweater Keyhole Button Back Opening,1500,Pre-Owned,545,False,0
"Zara lace-knit sweater , high, ruffled neckline, distinctive chevron-shaped lace",1600,Pre-Owned,601,False,0
Polo Ralph Lauren Mens Southwest Linen Alpaca Southwest Crew Knit Sweater $395,9450,Brand New,0,False,0
POL Crochet Duster Cardigan Womens Striped Boho Open-Knit Sweater One Size,4695,New (Other),795,True,0
Donni Womens Ribbed Open Cardigan Duster Kimono Sandwash Stripe One Size NWT,719,Brand New,0,True,0
Ted Baker Men's Textured 1/4 Quarter Zip Pullover Sweater,2499,Brand New,0,False,0
Aeropostale Sweater Women Medium Cream Light Tan Cropped Pullover Ribbed ,1495,Pre-Owned,1046,False,0
NWT Jones New York | Cableknit Wool/Angora Blend Fishermen Sweater Small,2500,Brand New,626,False,0
Boho Crochet Dark Academia Love Ellie Longline Cardigan Duster Large Burgundy,2388,Pre-Owned,638,False,0
NWT Goodfellow sz XL Green Teal Knit Sweater Cardigan Camp Shirt Vacay Polo 2-92,1999,Brand New,0,True,0
$145 Polo Ralph Lauren Men’s Cable Knit Cotton Crewneck Sweater Andover Cream S,11999,Brand New,1000,False,0
Goodfellow & Co. Men's Hooded Sweater Light Gray XL,1898,Brand New,0,False,0
Talbots Cable Ribbed Yoke Cotton Sweater Size XS Cream Preppy Buttons,2000,Pre-Owned,687,False,0
Grey Sweater. Rhinestone Neck Embellishment. Marled. XL.,999,Pre-Owned,926,False,0
Tommy Hilfiger Studded Argyle Cotton Sweater Red Green Blue Size S M L $60 New,1999,Brand New,0,False,0
Vintage 70s Women's Small Striped Knit Acrylic Collared Sweater Black White,2499,Pre-Owned,875,False,0
LOFT Women’s White & Black Knit Sweater Size M Retail $59.50,2000,Brand New,926,False,0
LISA INTERNATIONAL Sz XL Blue Multi Variegated Stripe Lacy Knit PULLOVER SWEATER,1195,Pre-Owned,0,False,0
American Eagle Women's Y2K Preppy Cable Knit Sweater Lightweight Zippers Size S,2688,Pre-Owned,926,False,0
Lands' End Serious Sweater Hoodie S Women's 6-8 Excellent Warm Comfy for Winter,779,Pre-Owned,752,False,0
Talbots Small Pink Cotton-blend Sleeveless Pullover Sweater,1500,Pre-Owned,545,False,0
Vintage Alafoss Icewool Iceland Nordic Wool Sweater Fair Isle Women Large L,7450,Pre-Owned,1000,False,0
Jaclyn Smith Women's Sweater Knit Blazer Black,2999,New (Other),0,False,0
Cupshe Womens Green Knit Sweater M Long Sleeve Casual Top,1999,Brand New,0,False,0
Mens Turtleneck Long Sleeve Shirt - Winter Pullover Sweater for Men,880,Brand New,0,True,0
"Zara lace-knit sweater , high, ruffled neckline, distinctive chevron-shaped lace",1600,Pre-Owned,601,False,0
High-Neck Sheer Sweater,3800,Brand New,0,False,0
Gitano Ma Vintage Mock Neck Sweater Size Medium Embroidered Crest Collegiate,3000,Pre-Owned,1105,False,0
New Men’s Winter Slim Fit Turtleneck Knitted Sweater Thick Warm Casual Pullover,2799,Brand New,0,True,0
Mainstrip Knit V Neck Sweater Beige Long Sleeve Pullover Women L,1425,Brand New,578,False,0
JH Collectibles Vintage Striped Hand Knit Cardigan Sweater Multicolor SZ MED,1999,Pre-Owned,1065,False,0
NEW Varley VAR02781 Allena Blue 1/2 Zip Knit Pullover Sweater Vest Women's M,4249,Brand New,980,False,0
Free People Moonlit Path Pullover Knit sweater  Boho Cottagecore Small,1995,Pre-Owned,800,False,0
Unbranded Bird Embroidered Cable Knit Sweater Womens XL White Excellent Cotton,2495,Pre-Owned,1400,True,0
Vintage Townsley 70s  Women's Sweater/ Shirt Size Medium Long Sleeve,2000,Pre-Owned,700,False,0
'90s/Y2k Mock Neck Lambswool Knit Sweater Button Sleeve Detail Women's Size S,2800,Pre-Owned,926,False,0
Vintage Falls Creek CableKnit SweaterCream Fisherman Collared CozyCottagecore,6800,Pre-Owned,1765,False,0
Men’s Slim Fit Turtleneck Sweater Long Sleeve Knitted Pullover Winter Warm Thick,1947,Brand New,0,True,0
New Armani Collezioni Sweater Logo Wool Gray V Neck Pullover M Size,6998,Brand New,699,False,0
Vintage Concrete Sweater Womens M Cotton Knit Retro 80s 90s Crewneck,4499,Pre-Owned,0,True,0
Mode of One Men's Regular-Fit Crewneck Sweater Acid Green size S,1199,Brand New,600,True,0
Vintage Eddie Bauer Chunky Cable Knit Fisherman Sweater Ivory Sz S Cotton Wool,3900,Pre-Owned,1000,False,0
T Tahari Ribbed Camel Cowl Neck Knit Tunic Sweater Womens L Minimalist Lagenlook,2450,Pre-Owned,,True,0
Women's Wicked Graphic Sweater,1869,New (Other),0,True,0
VTG Baxter & Wells Sweater sz XL Green Acrylic Cable Knit Detail Pearl Buttons,2499,Pre-Owned,970,False,0
Vintage Loft Womens Wool Angora Sweater Medium Pink Cable Knit Pointelle Twee,3288,Pre-Owned,699,True,0
Ella Moss Ladies' Ribbed Knit Sleeveless Sweater Tank  F31,1272,Brand New,0,True,0
Talbots Emerald Green Crew Neck Sweater Shoulder Buttons Lambs Wool Blend,1500,Pre-Owned,746,False,0
J.Crew Factory Rollneck Cable Sweater L Pink Women's Soft Cotton Stretch Flawed,2500,New (Other),926,False,0
GAP Navy Blue Cropped Knit Sweater Womens M Pullover Casual Soft,1499,Pre-Owned,926,False,0
NEW A New Day Women's Crewneck Textured Pullover Soft Sweater Coral Size Large,999,Brand New,699,False,0
Y2K Anime Graphic Sweater Black Knit Streetwear Unisex Pullover,2699,Brand New,865,False,0
Women Hooded Cashmere Knit Sweater Cardigan Sweatshirt Coat Zipper Hoodies Solid,2999,Brand New,999,False,0
ALO Yoga Sweatshirt Women XS Gray Cotton Gym Workout Training Crewneck Sweater,3499,Pre-Owned,899,True,0
Women’s Open Cardigan Ribbed Knit Sweater With Pockets New Size Medium Gray,1200,New (Other),0,False,0
Alfred Dunner Red Metallic Diamond Knit Sweater Petite PXL 3/4 Sleeve 87380 FL,1500,Brand New,527,False,0
Grey Sweater. Rhinestone Neck Embellishment. Marled. XL.,999,Pre-Owned,926,False,0
The Limited Sweater Womens Medium Blue Ribbed Knit Cotton Turtleneck Pullover,1488,Pre-Owned,690,True,0
$225 Joseph Abboud Black Label Men's V-Neck Knit Sweater - LARGE - Dark Cream,4995,Brand New,745,False,0
Vintage 90s Susan Bristol Knit Polo Sweater White Eyelet Collared Top Women’s S,2200,Pre-Owned,926,False,0
Long Sleeve Round Neck Mesh Knit Sweater Top S/M ~ M/L,1480,Brand New,,False,0
J Crew 100% Merino Wool Striped Grey Sweater Crew Neck Pullover Men's Medium ,2805,Pre-Owned,1105,False,0
Ted Baker Sweater Mens Small Gray Blue Striped Crewneck Lightweight Pullover Men,2288,Pre-Owned,899,True,0
A New Approach ANA Sweater Women's Medium Wool Blend Blue Marble Knit Crewneck,1699,Brand New,699,True,0
Madewell Red Chunky Knit Sweater Small Cotton Cozy Warm Minimalist Pullover,2299,Pre-Owned,596,False,0
J Crew Sweater Women’s Medium Black  Cotton Nylon Wool Crew Neck Knit Top NWT$59,2400,Brand New,577,False,0
Sid Mashburn Washed Cable-Knit Crewneck Sweater Crofter | New with Tags!,14500,Brand New,0,False,0
NWOT Mango Polo Neck Wool Blend Oversized Sweater Sz L Aqua Green Soft,3488,New (Other),,False,0
Women's Large Black Sweater Trina Truck,800,Pre-Owned,926,False,0
NWT Quince Mongolian Cashmere Full-Zip Hoodie Sweater,5000,Brand New,0,False,0
WILFRED FREE Aritzia White Knit Merino Wool Waffle Knit Sweater Size: S,1700,Pre-Owned,950,False,0
Vintage Liz Claiborne Heart Sweater Womens M Black Gold Lambswool,2199,Pre-Owned,965,False,0
A New Day Women's Short Sleeve Tan Sweater Size M Mock Neck,700,Pre-Owned,562,False,0
Champion Connecticut UConn Huskies Navy L/S Men's Pullover Hoodie NWT Choose Sz,2999,Brand New,0,False,11
VINTAGE 90s AVALIN Knit Sweater Art To Wear Funky Buttons Patchwork Look XL NEW,5000,Brand New,1000,False,0
Nordstrom BP Ribbed Crew Neck Sweater Sz XS Tan Boulder Knit Cabincore Earthy,1500,Brand New,722,False,0
LL Bean Full Zip Chunky Cable Knit Sweater Womens Large Red Cotton Fisherman,3495,Pre-Owned,795,True,0
POLO RALPH LAUREN Men's Cotton Quarter Zip Estate Rib Pullover CHARCOAL GRAY nwt,5995,Brand New,0,True,0
Trimminghams Bermuda Sweater Womens Extra Large Wool Cable Crewneck Pullover,3626,Pre-Owned,949,False,0
Vintage Talbots Turtleneck Sweater Size M Coastal Fisherman Minimalist Capsule,2900,Pre-Owned,1000,False,0
Johnnie-O Pullover Men's Sully Quarter Zip Wrinkle Resistant Regular Fit,4999,New (Other),0,True,0
Jaclyn Smith Women's Sweater Knit Blazer Black,2999,New (Other),0,False,0
VTG FIELD MANOR Purple Lambswool Angora Nylon Blend Cardigan M,2187,Pre-Owned,,False,0
Kawaii Cat Sailor Collar Sweater Women Korean Harajuku Loose Pullover Knit Top,3399,Brand New,522,False,0
Mens Sweater Big Lebowski Cardigan Knit Jeffery Zip Up Adult New Movie Costume,3598,Brand New,0,False,0
Rachel Roy Womens Cold Shoulder Knit Sweater,3199,Brand New,795,False,0
Polo Ralph Lauren Long Sleeve 1/2 Zip Cable-Knit Sweater - Grey (Navy pony) -,13999,Brand New,0,True,0
Tommy Hilfiger Studded Argyle Cotton Sweater Red Green Blue Size S M L $60 New,1999,Brand New,0,False,0
Vintage Jones New York Mustard Yellow Cable Knit Cardigan Mock Neck Size P/S,1999,Pre-Owned,609,False,0
Ann Taylor Loft Dusty Rose Color Stripe Cotton Sweater Womens Sz M. NWOT. D28,1000,New (Other),643,False,0
ANTONIO MELANI Maroon LINED Knit Sweater,1500,Pre-Owned,746,False,0
Vintage Knit Sweater Womens S Purple Paisley Floral Grandma Heavy Cotton 80s,2374,Pre-Owned,899,False,0
Cato Est 1946 White /Navy  Striped XL Sweater Top XL,795,Pre-Owned,810,False,0
NWT Carolyn Taylor Women Knit Sweater with Detachable Scarf Blue Beaded Size XL,1577,Brand New,615,False,0
Adrienne Vittadini Women's Cable Knit Sweater,1999,Brand New,0,False,0
Polo Ralph Lauren Luxury Pullover Quarter Button Mock Neck Sweater 2XL $138,6999,Brand New,883,False,0
Women 100% Merino Wool Cardigan O-neck Button Knit Cashmere Sweater Top,3847,Brand New,0,False,0
Cupshe Womens Green Knit Sweater M Long Sleeve Casual Top,1999,Brand New,0,False,0
Men’s 3-Pack Thermal Henley Tees Long Sleeve Waffle Knit Shirts (Sizes- S-2XL),3334,Brand New,0,False,0
Mens Knit Short Sleeve Sweater Cashmere Blend Crewneck Pullover Knitwear Classic,3261,Brand New,0,True,0
Men’s Slim Fit Turtleneck Sweater Long Sleeve Knitted Pullover Winter Warm Thick,1947,Brand New,0,True,0
2023 Autumn New Men'S Fashion British Style Spliced Colorful Cardigan Knitted Ja,6997,Brand New,0,False,0
Croft & Barrow Striped Cable Knit Sweater Womens Medium M Blue Green Gray Cotton,1695,Pre-Owned,1046,False,0
Cable Knit Sweater Elbow Patch Button Neck Red Size M. Pre-Owned. Item #1334,1500,Pre-Owned,1000,False,0
Women's Cozy Cable Crewneck Pullover Sweater - Universal Thread,1869,New (Other),0,True,0
J Jill Mock Neck Boyfriend Sweater Women's 2x Plus Heather Blue,1850,Pre-Owned,1002,False,0
Women's grey sweater V-neck tunic XL,700,Pre-Owned,926,False,0
Women's Striped Cable Knit Pullover Sweater - All In Motion Pink XS,1299,Brand New,0,True,0
Adrienne Vittadini Gold Rhinestone Knit Pullover Womens 3/4 Sleeve Sweater  S,1699,Pre-Owned,643,False,0
Lands End Ivory Cable Knit Sweater Large Mock Neck White Cream Old Money Y2K,2499,Pre-Owned,875,False,0
Neon Sweater Bright Lunar Glow Florescent Bright Yellow Chenille Small 3-5 ,1160,Brand New,0,False,0
Autumn Winter Turtleneck Sweater Men 2025 New Casual Solid Knitted Cardigan Men,5599,Brand New,0,False,0
Polo Ralph Lauren Women’s Pima Cotton Short Sleeve Cable Knit WHIRE XS NWT,7400,Brand New,0,False,0
Women's Crewneck Pullover Sweater - Wild Fable,1699,Brand New,0,True,0
Coogi Womens Multicolor Abstract Wool Long Sleeve Knitted Cardigan Sweater Sz S,999,Pre-Owned,999,True,0
VTG Susan Bristol Cream Cable Knit Angora Blend Zip Up Hoodie Sweater Medium Y2K,2999,Pre-Owned,799,True,0
Hillard & Hanson Sweater Womens XL Full Zip Knit Casual Acrylic Cotton Hong Kong,199,Pre-Owned,1065,True,0
Amazon Pink Border V Neck Sweater Large Rainbow Unique Bright Workwear Women,800,Pre-Owned,899,False,0
Talbots Women XL Purple Blue Marbled Cable Knit Sweater Merino Wool Blend Zipper,899,Pre-Owned,899,True,0
NWT Quince Mongolian Cashmere Full-Zip Hoodie Sweater,5000,Brand New,0,False,0
Talbots Teal Blue Green Cotton Blend Front Clasp Knit Sweater Cardigan sz S,1600,Pre-Owned,1105,False,0
Vintage Eddie Bauer Chunky Cable Knit Fisherman Sweater Ivory Sz S Cotton Wool,3900,Pre-Owned,1000,False,0
Cache Vintage Pink Floral Cotton Long Sleeve Sweater Top Size Small Y2K,4500,Pre-Owned,530,False,0
Vintage Chaus Sweater Womens S? Short Sleeve Knit Hawaiian Lei Hibiscus Floral,1495,Pre-Owned,810,False,0
Knox Rose V-Neck Knit Fuzzy Sweater Navy White Striped,1200,Pre-Owned,746,False,0
Lauren Ralph Lauren Womens Sweater XL Orange Knit Pullover Suede Trim Boat Neck,1900,Pre-Owned,881,False,0
Crochet Open Knit Boho Sweater Multicolor Lightweight Top Size L,1699,Pre-Owned,0,False,0
The Fifth Label Transcript Knit Sweater Black Speckled Ivory Ruffle Trim L,3500,Pre-Owned,881,False,0
Alpaca Sweater Women Hooded Grey Black  Peru Cozy Winter S,3000,Pre-Owned,0,False,0
Wild Fable Sweater Womens Medium Ruffle Knit Short Sleeve Cardigan Top Pullover,1200,Brand New,0,True,0
S/M/L Homma Women's Burgundy Wool Blend,900,Pre-Owned,637,False,0
Vintage Liz Sport Sweater Womens Small Black Pink Blue Checkered 90s Colorblock,3500,Pre-Owned,926,False,0
Tommy Hilfiger Sweater Pullover Fair Isle Nordic 3D Knit AOP Ringer Zip Sz S,1500,Pre-Owned,980,False,0
White Knit Wrap Sweater Surplice Neck Long Sleeve Women's XL,350,New (Other),620,False,0
G by Giuliana Black Label Cable Knit Belted Cardigan Greenbriar,2499,New (Other),0,False,0
Cottagecore Grandmacore Cream Cable Knit Sweater Womens M Cozy Vintage Style,1215,Pre-Owned,757,False,0
"Aerie Women’s Oversized Crewneck Sweater, Green/White, Medium",1000,Pre-Owned,700,False,0
Liz Claiborne Pullover Sweater Metallic Striped Crema Multi Knit XLT Women,1500,Brand New,746,False,0
RALPH LAUREN Cable Knit 100% Cotton Crewneck Sweater Sz M Red Blue Pony Logo L/S,2000,Pre-Owned,1000,False,0
Carly Blake Ribbed Knit Sweater Womens Medium Grey Keyhole Long Sleeve Top USA,1945,Pre-Owned,643,False,0
Women's Puff Short Sleeve V-Neck Cardigan - Wild Fable,1699,Brand New,0,True,0
Vintage Eddie Bauer Wool & Angora Sweater Cream Women's Size XXL Cable Knit,4000,Pre-Owned,895,False,0
Vintage BFA Classics Sweater Womens Large Petite Purple Knit Mock Neck,1999,Pre-Owned,895,True,0
John Galt Womens Cotton Cable-Knit Crew Neck Pullover Knit Sweater Blue Size L,3749,Pre-Owned,695,False,0
Duluth Trading Sweater Women 2XL Cable Knit Turtleneck Fisherman Wool/Cashmere,5099,Pre-Owned,899,True,0
NWOT Polo Ralph Lauren Women's White Eyelet Cotton Sweater Long Sleeve RUNS SMAL,2999,New (Other),1105,False,0
Peter Millar Sweater Mens Small Blue Indigo Knit Quarter Zip 1/4 Sweatshirt,5928,Brand New,,True,0
Vintage Paul Harris Design Multicolored Colored  Large Sweater,3000,Pre-Owned,750,False,0
Demetre Vintage Pure Virgin Wool Kelly Green Lion Motif Stripes Ski Sweater Sz S,4799,Pre-Owned,1399,False,0
New Style&co. Women's Plus Size 3X Dark Grape Marled Braided Trim Sweater,1995,Brand New,695,False,0
NWT Adrianna Papell Long Sleeve Sweater Collared Layered Tunic Career Preppy Med,2500,Brand New,1195,False,0
J. Crew Women's Cream Alpaca Merino Wool Blend Sweater Classic Knitted Large,3168,Pre-Owned,752,False,0
7 For All Mankind Knit Sweater L Blue Crew Neck Mohair Blend Pullover Retro,2498,Pre-Owned,,False,0
Tommy Hilfiger Men's Waffle-Knit Cardigan Sweater with Logo - 2 color options -,5999,Brand New,0,True,0
Women’s Universal Thread Blue Sweater Size Medium,500,Pre-Owned,846,False,0
Women Striped Rib Knit Sweater Crewneck Long Sleeve Color Block Casual Fall Top,1199,Brand New,883,False,0
Banana Republic Sweater Vest Mens Large Silk Cashmere Blend Academia Heritage,3499,Pre-Owned,800,True,0
Lacoste 2XL Fit ted V-neck 100% Organc Cottn Spring Sweater MEN CHARCOAL NWT,3900,Brand New,1000,True,0
"New Tommy Bahama Marina Del Mar V-Neck Sweatshirt, Choose Color & Size !!",6809,Brand New,0,False,0
Vintage Jones New York Mustard Yellow Cable Knit Cardigan Mock Neck Size P/S,1999,Pre-Owned,609,False,0
Abercrombie & Fitch NWT gray ribbed oversize sweater size S,2499,Brand New,,False,0
Kawaii Cat Sailor Collar Sweater Women Korean Harajuku Loose Pullover Knit Top,3399,Brand New,522,False,0
Nordstrom BP Ribbed Crew Neck Sweater Sz XS Tan Boulder Knit Cabincore Earthy,1500,Brand New,722,False,0
CAPPUCCINO LA Sz L Navy Blue Acrylic CABLE CARDIGAN SWEATER LS Large Buttons,1395,Pre-Owned,0,False,0
Gap. Gray Vneck Cardigan Knit Sweater. Size XS.,800,Pre-Owned,622,False,0
Bohme Womens Brown Cream Striped V-Neck Chunky Knit Sweater Vest Size M,1799,Pre-Owned,646,False,0
Women's   XL (16/18)  Long Sleeve Black Core Pull Over Sweater  New,800,Brand New,795,False,0
Susquehanna Trail Outfitters Sweater Womens Medium Wool Blend Fair Isle Chunky,2494,Pre-Owned,599,True,0
Cicy Bell XL NWT white knit cardigan,1299,Brand New,956,False,0
Rafaella Women's Three Gold Buttons On Shoulder Long Sleeve Tee,1299,Brand New,0,True,0
Vintage Beige Crochet Sweater Women M Open Knit Boho Coastal Beach Coverup USA,2999,Pre-Owned,926,False,0
Abercrombie & Fitch Sage Green Chunky Ribbed V-Neck Collared Sweater Womens M,3500,Pre-Owned,835,False,0
Barbour Pima Cotton Sweater Jumper mens Pullover top Olive size XXL MKN0932,6000,Pre-Owned,608,False,0
Vintage Northern Reflections Sweater Women Medium Blue Pink Collar 0668,3762,Pre-Owned,872,False,0
J Crew Drop Shoulder Beach Sweater Womens Small Blue White Stripe Crewneck CJ211,3950,Pre-Owned,799,True,0
Talbots Small Pink Cotton-blend Sleeveless Pullover Sweater,1500,Pre-Owned,545,False,0
WILD FABLE (NWT) Heather Gray Cable Knit Long Sleeve V Neck Sweater (X-SMALL),1755,Brand New,,False,0
REPORT COLLECTION FLEX KNIT LONG SLEEVE GRAY MENS SIZE M/M,600,Brand New,752,False,0
Frye Boho Western Sweater Cardigan Women M/L Aztec Open Front Casual Soft,1500,Pre-Owned,920,False,0
NEW! WOMEN'S GAP SOFT LIGHTWEIGHT RELAX FIT V-NECK LONG SLEEVE SWEATER! VARIETY!,1200,New (Other),600,False,0
Qualfort Women's Yellow Knit Cottagecore Cardigan Size 3XL,2399,Pre-Owned,887,False,0
TALBOTS Women’s Ivory Pullover Knit Sweater Solid Pattern Crew Neck Size Small,2500,Pre-Owned,926,False,0
Vintage Talbots Turtleneck Sweater Size M Coastal Fisherman Minimalist Capsule,2900,Pre-Owned,1000,False,0
Sonoma Goods for Life Womens XL Peach Waffle Knit Hoodie Sweater Ribbed Pullover,1899,Pre-Owned,752,False,0
MONTEREY KORET Pullover Sweater Women Size XL Red Plaid Long Sleeve Mock Neck,1378,Pre-Owned,998,True,0
A New Day Women's Short Sleeve Tan Sweater Size M Mock Neck,700,Pre-Owned,562,False,0
NWT Womens CALVIN KLEIN Red Light Weight Sweater Sz M Medium,1295,Brand New,0,True,0
Abercrombie Fitch Sweater Womens Small Cream Cable Knit 100% Wool Fisherman Y2K,3795,Pre-Owned,1000,False,0
Nally & Millie Heather Gray Ribbed Knit Sweater Vest Hoodie Size XL NWT,2000,Brand New,622,False,0
J.Crew Extra-Soft Black Polo Sweater Wool V-Neck Knit Top Womens L Cozy capsule,2699,Pre-Owned,800,False,0
VTG Sweater Chenille Embroidered Cardigan XL.Purple Floral Womens 90s Y2K JTWO,2775,Pre-Owned,1000,False,0
Wild Fable Sweater Womens Medium Ruffle Knit Short Sleeve Cardigan Top Pullover,1200,Brand New,0,True,0
Talbots Petite XL Navy Blue Sun & Sand Embroidered Knit Sweater Nautical,1999,Pre-Owned,1195,False,0
NEW Charter Club Women's Long Sleeve Cable Knit Crew neck Sweater Vanilla Size L,2900,Brand New,651,False,0
Spring Susan Bristol Women’s PP Sunflower Knit Cardigan Sweater Ribbon Yellow,2520,Brand New,1000,False,0
Vintage Sleeveless Ribbed Knit Top Tank Sweater M Blue Stripe Y2K 90s Boho,2399,Pre-Owned,699,False,0
VTG Susan Bristol Cream Cable Knit Angora Blend Zip Up Hoodie Sweater Medium Y2K,2999,Pre-Owned,799,True,0
Vtg 80s Tunic Sweater Gold Metallic Avant Garde Retro Sz M Made In USA Holiday ,2500,Pre-Owned,1000,False,0
Astr the Label Natalie Wool Blend Cable Knit Cutout Sweater Marled Cream sz XS,2899,Pre-Owned,881,False,0
Lauren Ralph Lauren Cable Knit Full Zip Sweater Womens S Zip Pockets Blue Teal,2000,Pre-Owned,885,False,0
Vintage Ocean Pacific Op Knit Sweater Hoodie Pink Stripe Surf 90’s Medium 7 9,2800,Pre-Owned,722,False,0
Novelty Cardigan Medium / Large Blue Seagull Birds Chunky Knit Varsity Sweater,6899,Pre-Owned,652,True,0
Women's Skeleton Pullover Jumper Goth Grunge Ribcage Bones Knit Sweater XXL,3245,Brand New,0,False,0
